Abbreviation,Street
Aarb.,Aarbergergasse
Aarberg.,Aarbergergasse
Aarbergerg.,Aarbergergasse
Aarbergg.,Aarbergergasse
Aarbg.,Aarbergergasse
Aarbgg.,Aarbergergasse
Aargst.,Aargauerstalden
Aargstld.,Aargauerstalden
Aarstr.,Aarstrasse
Aarz.,Aarziele
Aarzhl.,Aarziele
Aarzhle,Aarziele
Aarziehle,Aarziele
Aarzl.,Aarziele
Abg.,Aarbergergasse
a. Bllw.,Äußeres Bollwerk
a. Bollw.,Äußeres Bollwerk
ä. Bollw.,Äußeres Bollwerk
a. Bollwerk,Äußeres Bollwerk
Aebistr.,Aebistrasse
Aegertenstr.,Aegertenstrasse
Ag.,Aarbergergasse
a. Holzm.,Alter Holzmarkt
Allmendstr.,Allmendstrasse
Alpeneckstr.,Alpeneckstrasse
Alpenstr.,Alpenstrasse
Altb.,Altenberg
Altbg.,Altenberg
Altenb.,Altenberg
Altenberg,Altenberg
Altenbergstr.,Altenbergstrasse
Altenbg.,Altenberg
Altenbgstr.,Altenbergstrasse
Altenbstr.,Altenbergstrasse
alter Holzmarkt,Alter Holzmarkt
alt. Holzm.,Alter Holzmarkt
Altnbg.,Altenberg
alt. Schwnmkt.,Alter Schweinemarkt
alt. Viehmarkt,Alter Viehmarkt
Amthausg.,Amthausgasse
Amthausgässchen,Amthausgasse
Anatg.,Anatomiegäßchen
Anatomg.,Anatomiegäßchen
Anatomieg.,Anatomiegäßchen
Anatomiegasse,Anatomiegäßchen
Ankenl.,Ankenlaube
Arbg.,Aarbergergasse
Archivstr.,Archivstrasse
Arz.,Aarziele
Arziehle,Aarziele
Arziele,Aarziele
Attinghausenstr.,Attinghausenstrasse
äuß. Bollw.,Äußeres Bollwerk
äuß. Bollwerk,Äußeres Bollwerk
äußeres Bollwerk,Äußeres Bollwerk
äußere Villette,Äußere Villette
Az.,Aarziele
Badg.,Badgasse
Badl.,Badlaube
Bahnstr.,Bahnstrasse
Bantigerstr.,Bantigerstrasse
Bärenpl.,Bärenplatz
b. Casino,Beim Casino
b. d. Schanze,Bei der Schanze
b. d. Sch.,Bei der Schanze
b. d. Schuzmühle,Bei der Schutzmühle
Beaulieustr.,Beaulieustrasse
Beaumontw.,Beaumontweg
bei der kl. Schanze,Bei der kleinen Schanze
bei der Schanze,Bei der Schanze
beim Casino,Beim Casino
beim unt. Thor,Beim unteren Thor
beim Zeitglockenth.,Zeitglockenthurm
Belpstr.,Belpstrasse
Berchtoldstr.,Berchtoldstrasse
Bernastr.,Bernastrasse
Bernstr.,Bernstrasse
Bethlehemstr.,Bethlehemstrasse
Beundenfeldstr.,Beundenfeldstrasse
Bg.,Brunngasse
Bierh.,Bierhübeli
Bllw.,Bollwerk
Blumenbergstr.,Blumenbergstrasse
Blumenr.,Blumenrain
Blumensteinstr.,Blumensteinstrasse
b. ob. Thor.,Beim oberen Thor
Bolligenstr.,Bolligenstrasse
Bollw.,Bollwerk
Bonstettenstr.,Bonstettenstrasse
Bottigenstr.,Bottigenstrasse
Breitenrainpl.,Breitenrainplatz
Breitenrainstr.,Breitenrainstrasse
Breitenr.,Breitenrain
Breitfeldstr.,Breitfeldstrasse
Bremgartenstr.,Bremgartenstrasse
Brg.,Brunngasse
Bridelstr.,Bridelstrasse
Brn.-gasse,Brunngasse
Brng.,Brunngasse
Brnng.,Brunngasse
Brückenstr.,Brückenstrasse
Brückf.,Brückfeld
Brückfeldstr.,Brückfeldstrasse
Brung.,Brunngasse
Brunnad.,Brunnadern
Brunnadernstr.,Brunnadernstrasse
Brünnenstr.,Brünnenstrasse
Brunng,Brunngasse
Brunng.,Brunngasse
Brunnhofw.,Brunnhofweg
Brunnmattstr.,Brunnmattstrasse
Bubenbergpl.,Bubenbergplatz
Bubenberg-Rain,Bubenbergrain
Bubenbergr.,Bubenbergrain
Bubenbergsrain,Bubenbergrain
Bubenbergstr.,Bubenbergstrasse
Bubenbgrain,Bubenbergrain
Bubenbg.-Rain,Bubenbergrain
Bubenb.-Rain,Bubenbergrain
Bubenbr.,Bubenbergrain
Bubenbth.,Bubenbergthor
Bühlstr.,Bühlstrasse
Bümplizstr.,Bümplizstrasse
Bundesg.,Bundesgasse
Burgunderstr.,Burgunderstrasse
b. u. Th.,Beim unteren Thor
Cäcilienstr.,Cäcilienstrasse
Casinopl.,Casinoplatz
Centralw.,Centralweg
Christoffelg.,Christoffelgasse
Chrstfflg.,Christoffelgasse
Chutzenstr.,Chutzenstrasse
Daxelhoferstr.,Daxelhoferstrasse
Depotstr.,Depotstrasse
Diesbachstr.,Diesbachstrasse
Dietlerstr.,Dietlerstrasse
Dufourstr.,Dufourstrasse
Effingerstr.,Effingerstrasse
Eggimannstr.,Eggimannstrasse
Elisabethenstr.,Elisabethenstrasse
Engehaldenstr.,Engehaldenstrasse
Engestr.,Engestrasse
Ensingerstr.,Ensingerstrasse
Erlachstr.,Erlachstrasse
Fabrikstr.,Fabrikstrasse
Falkenhöhew.,Falkenhöheweg
Falkenp.,Falkenplätzli
Falkenplätzlein,Falkenplätzli
Falkenplätzlein.,Falkenplätzli
Falkenpl.,Falkenplätzli
Falkplz.,Falkenplätzli
Fellenbergstr.,Fellenbergstrasse
Felsenaustr.,Felsenaustrasse
Felsen.,Felsenau
Ferd.-Hodlerstrasse,Hodlerstrasse
Florastr.,Florastrasse
Flurstr.,Flurstrasse
Freiburgstr.,Freiburgstrasse
Freiestr.,Freiestrasse
Frohbergw.,Frohbergweg
Gartenstr.,Gartenstrasse
Gbg.,Gerberngraben
Gchg.,Gerechtigkeitsgasse
Gchtg.,Gerechtigkeitsgasse
Gechtg.,Gerechtigkeitsgasse
Genferg.,Genfergasse
Gerbergasse,Gerberngasse
Gerberg.,Gerberngasse
Gerbergraben,Gerberngraben
Gerberngaben,Gerberngraben
Gerberng.,Gerberngraben
Gerberngraben,Gerberngraben
Gerberngrb.,Gerberngraben
Gerberngr.,Gerberngraben
Gerbernl.,Gerbernlaube
Gerbg.,Gerberngraben
Gerbgr.,Gerberngraben
Gerbl.,Gerbernlaube
Gerchg.,Gerechtigkeitsgasse
Gerchtg.,Gerechtigkeitsgasse
Gerechg.,Gerechtigkeitsgasse
Gerechtg.,Gerechtigkeitsgasse
Gerechtgkg.,Gerechtigkeitsgasse
Gerechtig.,Gerechtigkeitsgasse
Gerechtigkeitsgasse,Gerechtigkeitsgasse
Gerechtigkeitsg.,Gerechtigkeitsgasse
Gerechtigkg.,Gerechtigkeitsgasse
Gerechtigktsg.,Gerechtigkeitsgasse
Gerechtkg.,Gerechtigkeitsgasse
Gereditg.,Gerechtigkeitsgasse
Gesellschaftsstr.,Gesellschaftsstrasse
Gewerbestr.,Gewerbestrasse
Grbg.,Gerberngraben
Grcbtg.,Gerechtigkeitsgasse
Grcg.,Gerechtigkeitsgasse
Grchg.,Gerechtigkeitsgasse
Grchtg,Gerechtigkeitsgasse
Grchtg.,Gerechtigkeitsgasse
Grchtgkg.,Gerechtigkeitsgasse
Grchttsg.,Gerechtigkeitsgasse
Grdtg.,Gerechtigkeitsgasse
Grechtg.,Gerechtigkeitsgasse
Greyerzstr.,Greyerzstrasse
Gurteng.,Gurtengasse
Gutenbergstr.,Gutenbergstrasse
Hallerstr.,Hallerstrasse
Hallwylstr.,Hallwylstrasse
Haspg.,Haspelgasse
Heimstr.,Heimstrasse
Helvetiastr.,Helvetiastrasse
Herrengasse,Herrengasse
Herreng.,Herrengasse
Herrg.,Herrengasse
Herrngasse,Herrengasse
Herrng.,Herrengasse
Herzogstr.,Herzogstrasse
Hg.,Herrengasse
Hirschengr.,Hirschengraben
Hllg.,Holligen
Hllig.,Holligen
Hlzm.,Holzmarkt
Hochfeldstr.,Hochfeldstrasse
Hollg.,Holligen
Holligenstr.,Holligenstrasse
Hollig.,Holligen
Holzm.,Holzmarkt
Hopfenw.,Hopfenweg
Hotellb.,Hotellaube
Hotell.,Hotellaube
Hotll.,Hotellaube
Hrg.,Herrengasse
Hrng.,Herrengasse
Htl.,Hotellaube
Htll.,Hotellaube
Hubelmattstr.,Hubelmattstrasse
Humboldtstr.,Humboldtstrasse
i. Bollwerk,Inneres Bollwerk
i. Bollw.,Inneres Bollwerk
im Pelikan,Im Pelikan
in. Bollwerk,Inneres Bollwerk
in. Bollw.,Inneres Bollwerk
Inselg.,Inselgasse
Insg.,Inselgasse
ir Längg.,Länggasse
Jdg.,Judengasse
Jkg,Junkerngasse
Jkg.,Junkerngasse
Jnkg.,Junkerngasse
Jubiläumsstr.,Jubiläumsstrasse
Judeng.,Judengasse
Judg.,Judengasse
Junkerg.,Junkerngasse
Junkerng.,Junkerngasse
Junkg.,Junkerngasse
Jurastr.,Jurastrasse
Käfg.,Käfichgäßlein
Käfichgässchen,Käfichgäßlein
Käfichgäßchen,Käfichgäßlein
Käfichgäßch.,Käfichgäßlein
Käfichg.,Käfichgäßlein
Käfigg.,Käfichgäßlein
Käfig.,Käfichgäßlein
Kapellenstr.,Kapellenstrasse
Karl-Schenkstr.,Karl-Schenkstrasse
Kasernenstr.,Kasernenstrasse
Kasthoferstr.,Kasthoferstrasse
Kchg.,Kirchgasse
Kehrg.,Kehrgasse
Keltenstr.,Keltenstrasse
Keßg.,Keßlergasse
Kesslergasse,Keßlergasse
Keßlergasse,Keßlergasse
Kesslerg.,Keßlergasse
Keßlerg.,Keßlergasse
Keßlg.,Keßlergasse
Kfchg.,Käfichgäßlein
Kfg.,Käfichgäßlein
Kfichg.,Käfichgäßlein
Kfig.,Käfichgäßlein
Kilg.,Kirchgasse
Kirchbergerstr.,Kirchbergerstrasse
Kirchenfeldstr.,Kirchenfeldstrasse
Kirchenf.,Kirchenfeldstrasse
Kirchgaß,Kirchgasse
Kirchg.,Kirchgasse
Klapperl.,Klapperläubli
Klapplb.,Klapperläubli
Klappl.,Klapperläubli
Kmg.,Kramgasse
Könizstr.,Könizstrasse
Konsumstr.,Konsumstrasse
Kornerhauspl.,Kornhausplatz
Kornhauspl.,Kornhausplatz
Kornh.platz,Kornhausplatz
Kornhpl.,Kornhausplatz
Kornhplz.,Kornhausplatz
Kornhspl.,Kornhausplatz
Kramg,Kramgasse
Kramg.,Kramgasse
Krchg.,Kirchgasse
Krchpl.,Kirchplatz
Kreuzg.,Kreuzgasse
Krg.,Kramgasse
Krhpl.,Kornhausplatz
Krippenstr.,Krippenstrasse
Krmg.,Kramgasse
Krnhpl.,Kornhausplatz
Krzg.,Kreuzgasse
Kßg.,Keßlergasse
Kßlg.,Keßlergasse
Kursaalstr.,Kursaalstrasse
Kyburgstr.,Kyburgstrasse
Ladenwandstr.,Ladenwandstrasse
Landoltstr.,Landoltstrasse
Länggaß,Länggasse
Länggassstrasse,Länggasse
Länggassstr.,Länggasse
Längg.,Länggasse
Läng,Länggasse
Läng.,Länggasse
Langmauer,Längmauer
Langm.,Längmauer
Längm.,Längmauer
Laubeckstr.,Laubeckstrasse
Laubeggstr.,Laubeggstrasse
Laupenstr.,Laupenstrasse
Lentulusstr.,Lentulusstrasse
Lgg.,Länggasse
Lg.,Länggasse
Lgm.,Längmauer
Lngg.,Länggasse
Loraine,Lorraine
Lorbeerstr.,Lorbeerstrasse
Lorrainestr.,Lorraine
Lorr.,Lorraine
Luisenstr.,Luisenstrasse
Marienstr.,Marienstrasse
Marktg.,Marktgasse
Markt.,Marktgasse
Marz.,Aarziele
Marziele,Aarziele
Marzili,Marzilistrasse
Marzilistr.,Marzilistrasse
Mattenh.,Mattenhofstrasse
Mattenhof,Mattenhofstrasse
Mattenhofstr.,Mattenhofstrasse
Matten,Matte
Matzenriedstr.,Matzenriedstrasse
Maulbeerstr.,Maulbeerstrasse
Melchtalstr.,Melchtalstrasse
Metgerg.,Metzgergasse
Metg.,Metzgergasse
Metzgerg.,Metzgergasse
Metzgg.,Metzgergasse
Metzg.,Metzgergasse
Metzgrg.,Metzgergasse
Mgg.,Metzgergasse
Mg.,Metzgergasse
Militärstr.,Militärstrasse
Mittelstr.,Mittelstrasse
Mkg.,Marktgasse
Mktg.,Marktgasse
Monbijoustr.,Monbijoustrasse
Morgenstr.,Morgenstrasse
Morillonstr.,Morillonstrasse
Moserstr.,Moserstrasse
Mrkg.,Marktgasse
Mrktgasse,Marktgasse
Mrktg.,Marktgasse
Mstrpl.,Münsterplatz
Mt.,Matte
Mtt.,Matte
Mtzg.,Metzgergasse
Muesmattstr.,Muesmattstrasse
Muesm.,Muesmatte
Mühlemattstr.,Mühlemattstrasse
Muldenstr.,Muldenstrasse
Müllerl.,Müllerlaube
Mülll.,Müllerlaube
Münsterpl.,Münsterplatz
Münsterplz.,Münsterplatz
Münzgr.,Münzgraben
Murifeldw.,Murifeldweg
Muristr.,Muristrasse
Murtenstr.,Murtenstrasse
Neub.,Neubrücke
Neubrückstr.,Neubrückstrasse
Neueng.,Neuengasse
Neufeldstr.,Neufeldstrasse
Ng.,Neuengasse
Niggelerstr.,Niggelerstrasse
Nn.-gasse,Neuengasse
Nng.,Neuengasse
Nydeckbrck.,Nydeckbrücke
Nydeckgasse,Nydeckgasse
Nydeckg.,Nydeckgasse
Nydg.,Nydeckgasse
Obstb.,Obstberg
ob. Sulgenbach,Oberer Sulgenbach
Ob. Th.,Oberes Thor
Optingenstr.,Optingenstrasse
Papiermühlestr.,Papiermühlestrasse
Parkstr.,Parkstrasse
Pelikan,Pelikan
Pelik.,Pelikan
Pestalozzistr.,Pestalozzistrasse
Pg.,Postgasse
Polygonw.,Polygonweg
Postgasse,Postgasse
Postg.,Postgasse
Prairie,Prairie
Predigerg.,Predigergasse
Pstg.,Postgasse
Quartierg.,Quartiergasse
Quartierh.,Quartierhof
Rabbentalstrasse,Rabbenthalstrasse
Rabbentalstr.,Rabbenthalstrasse
Rabbenthalstr.,Rabbenthalstrasse
Rabenthal,Rabbenthal
Rainmattstr.,Rainmattstrasse
Rathhpl.,Rathhausplatz
Rathhspl.,Rathhausplatz
Rathhsplz.,Rathhausplatz
Rehhagstr.,Rehhagstrasse
Reichenbachstr.,Reichenbachstrasse
Riedbachstr.,Riedbachstrasse
Riedernstr.,Riedernstrasse
Rodtmattstr.,Rodtmattstrasse
Rosenbühl,Rosenbühl
Rosengarten,Rosengarten
Rütlistr.,Rütlistrasse
Sagerw.,Sagerweg
Salzmagazin,Salzmagazingasse
Salzmag.,Salzmagazingasse
Salzmg.,Salzmagazingasse
Salzm.,Salzmagazingasse
Sandrainstr.,Sandrainstrasse
Scg.,Scharfrichtergasse
Schanzenbergstr.,Schanzenbergstrasse
Schanzeneckstr.,Schanzeneckstrasse
Schanzenstr.,Schanzenstrasse
Schänzlistr.,Schänzlistrasse
Scharfrichterg.,Scharfrichtergasse
Schauplatzgasse,Schauplatzgasse
Schauplatzg.,Schauplatzgasse
Schauplg.,Schauplatzgasse
Schaupltzg.,Schauplatzgasse
Scheibenstr.,Scheibenstrasse
Scheibenw.,Scheibenweg
Schffl.,Schifflaube
Schg.,Schauplatzgasse
Schifflaube,Schifflaube
Schiffl.,Schifflaube
Schillingstr.,Schillingstrasse
Schläflistr.,Schläflistrasse
Schlösslistr.,Schlösslistrasse
Schlßli,Schlößli
Schlßl.,Schlößli
Schönburg,Schönburg
Schönburgstr.,Schönburgstrasse
Schöneckweg,Schöneggweg
Schosshaldenstr.,Schosshaldenstrasse
Schoßhalde,Schosshalde
Schoß-Halde,Schosshalde
Schoßhld.,Schosshalde
Schoßhl.,Schosshalde
Schossh.,Schosshalde
Schoßh.,Schosshalde
Schpg.,Schauplatzgasse
Schplg.,Schauplatzgasse
Schpltg.,Schauplatzgasse
Schpltzg.,Schauplatzgasse
Schplzg.,Schauplatzgasse
Schrfrg.,Scharfrichtergasse
Schßh.,Schosshalde
Schtzm.,Schutzmühle
Schulg.,Schulgasse
Schützeng.,Schützengäßlein
Schützengßl.,Schützengäßlein
Schützenmattstr.,Schützenmattstrasse
Schützgäßlein,Schützengäßlein
Schwaneng.,Schwanengasse
Schwarzenburgstr.,Schwarzenburgstrasse
Schwarzthorstrasse,Schwarztorstrasse
Schwarzthorstr.,Schwarztorstrasse
Schwarztorstr.,Schwarztorstrasse
Schwnm.,Schweinemarkt
schw. Thor,Schwarzes Thor
Seftigenstr.,Seftigenstrasse
Seidenw.,Seidenweg
Seilerstr.,Seilerstrasse
Seminarstr.,Seminarstrasse
Slzmag.,Salzmagazingasse
Spchg.,Speichergasse
Speichergasse,Speichergasse
Speicherg.,Speichergasse
Speichg.,Speichergasse
Speigasse,Speichergasse
Spg.,Speichergasse
Spitalackerstr.,Spitalackerstrasse
Spitalgasse,Spitalgasse
Spitalg.,Spitalgasse
Spitg.,Spitalgasse
Spitlg.,Spitalgasse
Splg.,Spitalgasse
Sptalg.,Spitalgasse
Sptg.,Spitalgasse
Sptig.,Spitalgasse
Sptlg.,Spitalgasse
Stadtbach,Stadtbach
Stadtbachstr.,Stadtbachstrasse
Stadtb.,Stadtbach
Stald.,Stalden
Standstr.,Standstrasse
Stauffacherstr.,Stauffacherstrasse
Stdb.,Stadtbach
Steinerstr.,Steinerstrasse
Stld.,Stalden
Stöckackerstr.,Stöckackerstrasse
Storcheng.,Storchengäßli
St.,Stalden
Südbahnhofstr.,Südbahnhofstrasse
Sulgb,Sulgenbach
Sulgenbachstr.,Sulgenbachstrasse
Sulgenb.,Sulgenbach
Sulgeneckstr.,Sulgeneckstrasse
Taubenstr.,Taubenstrasse
Thunstr.,Thunstrasse
Tiefenaustr.,Tiefenaustrasse
Tillierstr.,Tillierstrasse
Tscharnerstr.,Tscharnerstrasse
unteres Thor,Unteres Thor
unt. Thorbrücke,Unterthorbrücke
unt. Thor,Unteres Thor
unt. Th.,Unteres Thor
u. Thorbr.,Unterthorbrücke
u. Th.,Unteres Thor
v. d. ob. Thor,Vor dem oberen Thor
v. d. ob. Th.,Vor dem oberen Thor
v. d. unt. Th.,Vor dem unteren Thor
Viktoriastr.,Viktoriastrasse
Villettenmattstr.,Villettenmattstrasse
Vill.,Villette
vor d. ob. Thor,Vor dem oberen Thor
v. Schlößli üb. die Muesmatte,Vom Schlößli über die Muesmatte
Waaghausg.,Waaghausgasse
Wabernstr.,Wabernstrasse
Waghausg.,Waghausgasse
Wagnerstr.,Wagnerstrasse
Waisenhauspl.,Waisenhausplatz
Waisenhausstr.,Waisenhausplatz
Waisenhpl.,Waisenhausplatz
Waishpl.,Waisenhausplatz
Waldheimstr.,Waldheimstrasse
Wallg.,Wallgasse
Wangenstr.,Wangenstrasse
Wasserwerkg.,Wasserwerkgasse
Weiherg.,Weihergasse
Weingartstr.,Weingartstrasse
Weißenbühl,Weissenbühl
Weissenbühlw.,Weissenbühlweg
Weissenb.,Weissenbühl
Weissensteinstr.,Weissensteinstrasse
Werkg.,Werkgasse
Weststr.,Weststrasse
Weymh.,Weyermannshaus
Wiesenstr.,Wiesenstrasse
Wohlenstr.,Wohlenstrasse
Wylerfeldstr.,Wylerfeldstrasse
Wylerringstr.,Wylerringstrasse
Wylerstr.,Wylerstrasse
Wyttenbachstr.,Wyttenbachstrasse
Zähringerstr.,Zähringerstrasse
Zähr.,Zähringerstrasse
z. d. Th.,Zwischen den Thoren
Zeitglockenthurm,Zeitglockenthurm
Zeitglockth.,Zeitglockenthurm
Zeitglth.,Zeitglockenthurm
Zeitgl.,Zeitglockenthurm
Zeughausg.,Zeughausgasse
Zeughauspl.,Zeughausplatz
Zeughg.,Zeughausgasse
Zeughpl.,Zeughausplatz
Zeughspl.,Zeughausplatz
Zeugh.,Zeughausgasse
Zghg.,Zeughausgasse
Zghpl.,Zeughausplatz
Zghsg.,Zeughausgasse
Zieglerstr.,Zieglerstrasse
z. Linde,Zur Linde
Zwblg.,Zwiebelngäßlein
Zwblng.,Zwiebelngäßlein
zw. d. Thoren,Zwischen den Thoren
zw. d. Thor.,Zwischen den Thoren
zw. d. Th.,Zwischen den Thoren
Zwgß.,Zwiebelngäßlein
Zwg.,Zwiebelngäßlein
Zwiebelngässchen,Zwiebelngäßlein
Zwiebelng.,Zwiebelngäßlein
Zwieb.-gäßchen,Zwiebelngäßlein
Zwiebg.,Zwiebelngäßlein
zwisch. den Thoren,Zwischen den Thoren
zwisch. d. Thoren,Zwischen den Thoren
zwisch. d. Thor.,Zwischen den Thoren
